{
	"credit": "Made with Blockbench",
	"parent": "minecraft:block/cube_bottom_top",
	"texture_size": [64, 64],
	"textures": {
		"3": "create_new_age:block/solar/solar_0",
		"4": "create_new_age:block/heater/heater_steel",
		"particle": "create_new_age:block/solar/solar_0"
	},
	"elements": [
		{
			"from": [1, 12, 12],
			"to": [15, 14, 13],
			"rotation": {"angle": 0, "axis": "y", "origin": [8, 1, 8]},
			"faces": {
				"north": {"uv": [3.75, 0, 7.25, 0.5], "texture": "#4"},
				"east": {"uv": [3.75, 0, 4, 0.5], "texture": "#4"},
				"south": {"uv": [3.75, 0, 7.25, 0.5], "texture": "#4"},
				"west": {"uv": [3.75, 0, 4, 0.5], "texture": "#4"},
				"up": {"uv": [16, 16, 12.5, 15.75], "texture": "#4"}
			}
		},
		{
			"from": [1, 12, 14],
			"to": [15, 14, 15],
			"rotation": {"angle": 0, "axis": "y", "origin": [8, 1, 8]},
			"faces": {
				"north": {"uv": [3.75, 0, 7.25, 0.5], "texture": "#4"},
				"east": {"uv": [3.75, 0, 4, 0.5], "texture": "#4"},
				"south": {"uv": [3.75, 0, 7.25, 0.5], "texture": "#4"},
				"west": {"uv": [3.75, 0, 4, 0.5], "texture": "#4"},
				"up": {"uv": [16, 16, 12.5, 15.75], "texture": "#4"}
			}
		},
		{
			"from": [0.5, 11, 0.5],
			"to": [15.5, 12, 15.5],
			"rotation": {"angle": 0, "axis": "y", "origin": [8, 1, 8]},
			"faces": {
				"north": {"uv": [12.25, 3.75, 16, 4.25], "texture": "#4"},
				"east": {"uv": [12.25, 3.75, 16, 4.25], "texture": "#4"},
				"south": {"uv": [12.25, 3.75, 16, 4.25], "texture": "#4"},
				"west": {"uv": [12.25, 3.75, 16, 4.25], "texture": "#4"},
				"up": {"uv": [16, 3.75, 12.25, 0], "texture": "#4"},
				"down": {"uv": [16, 4.25, 12.25, 8], "texture": "#4"}
			}
		},
		{
			"from": [1, 12, 10],
			"to": [15, 14, 11],
			"rotation": {"angle": 0, "axis": "y", "origin": [8, 1, 8]},
			"faces": {
				"north": {"uv": [3.75, 0, 7.25, 0.5], "texture": "#4"},
				"east": {"uv": [3.75, 0, 4, 0.5], "texture": "#4"},
				"south": {"uv": [3.75, 0, 7.25, 0.5], "texture": "#4"},
				"west": {"uv": [3.75, 0, 4, 0.5], "texture": "#4"},
				"up": {"uv": [16, 16, 12.5, 15.75], "texture": "#4"}
			}
		},
		{
			"from": [1, 12, 7],
			"to": [15, 14, 9],
			"rotation": {"angle": 0, "axis": "y", "origin": [8, 1, 8]},
			"faces": {
				"north": {"uv": [3.75, 0, 7.25, 0.5], "texture": "#4"},
				"east": {"uv": [4, 0, 4.5, 0.5], "texture": "#4"},
				"south": {"uv": [3.75, 0, 7.25, 0.5], "texture": "#4"},
				"west": {"uv": [3.75, 0, 4.25, 0.5], "texture": "#4"},
				"up": {"uv": [16, 16, 12.5, 15.5], "texture": "#4"}
			}
		},
		{
			"from": [1, 12, 5],
			"to": [15, 14, 6],
			"rotation": {"angle": 0, "axis": "y", "origin": [8, 1, 8]},
			"faces": {
				"north": {"uv": [3.75, 0, 7.25, 0.5], "texture": "#4"},
				"east": {"uv": [3.75, 0, 4, 0.5], "texture": "#4"},
				"south": {"uv": [3.75, 0, 7.25, 0.5], "texture": "#4"},
				"west": {"uv": [3.75, 0, 4, 0.5], "texture": "#4"},
				"up": {"uv": [16, 16, 12.5, 15.75], "texture": "#4"}
			}
		},
		{
			"from": [1, 12, 3],
			"to": [15, 14, 4],
			"rotation": {"angle": 0, "axis": "y", "origin": [8, 1, 8]},
			"faces": {
				"north": {"uv": [3.75, 0, 7.25, 0.5], "texture": "#4"},
				"east": {"uv": [3.75, 0, 4, 0.5], "texture": "#4"},
				"south": {"uv": [3.75, 0, 7.25, 0.5], "texture": "#4"},
				"west": {"uv": [3.75, 0, 4, 0.5], "texture": "#4"},
				"up": {"uv": [16, 16, 12.5, 15.75], "texture": "#4"}
			}
		},
		{
			"from": [1, 12, 1],
			"to": [15, 14, 2],
			"rotation": {"angle": 0, "axis": "y", "origin": [8, 1, 8]},
			"faces": {
				"north": {"uv": [3.75, 0, 7.25, 0.5], "texture": "#4"},
				"east": {"uv": [3.75, 0, 4, 0.5], "texture": "#4"},
				"south": {"uv": [3.75, 0, 7.25, 0.5], "texture": "#4"},
				"west": {"uv": [3.75, 0, 4, 0.5], "texture": "#4"},
				"up": {"uv": [16, 16, 12.5, 15.75], "texture": "#4"}
			}
		},
		{
			"from": [1, 0, 1],
			"to": [15, 7, 15],
			"faces": {
				"north": {"uv": [0, 7, 3.5, 8.75], "texture": "#3"},
				"east": {"uv": [7, 0, 10.5, 1.75], "texture": "#3"},
				"south": {"uv": [7, 1.75, 10.5, 3.5], "texture": "#3"},
				"west": {"uv": [3.5, 7, 7, 8.75], "texture": "#3"},
				"up": {"uv": [3.5, 3.5, 0, 0], "texture": "#3"},
				"down": {"uv": [3.5, 3.5, 0, 7], "texture": "#3"}
			}
		},
		{
			"from": [5, 7, 5],
			"to": [11, 10, 11],
			"faces": {
				"north": {"uv": [3, 8.75, 4.5, 9.5], "texture": "#3"},
				"east": {"uv": [4.5, 8.75, 6, 9.5], "texture": "#3"},
				"south": {"uv": [3, 9.5, 4.5, 10.25], "texture": "#3"},
				"west": {"uv": [4.5, 9.5, 6, 10.25], "texture": "#3"},
				"up": {"uv": [8.5, 5, 7, 3.5], "texture": "#3"},
				"down": {"uv": [8.5, 5, 7, 6.5], "texture": "#3"}
			}
		},
		{
			"from": [1, 7, 6],
			"to": [5, 10, 10],
			"rotation": {"angle": 0, "axis": "y", "origin": [8, 7.5, 8]},
			"faces": {
				"north": {"uv": [10, 7.5, 11, 8.25], "texture": "#3"},
				"east": {"uv": [10, 8.25, 11, 9], "texture": "#3"},
				"south": {"uv": [10, 9, 11, 9.75], "texture": "#3"},
				"west": {"uv": [10, 9.75, 11, 10.5], "texture": "#3"},
				"up": {"uv": [7, 9.75, 6, 8.75], "texture": "#3"},
				"down": {"uv": [8, 9.5, 7, 10.5], "texture": "#3"}
			}
		},
		{
			"from": [11, 7, 6],
			"to": [15, 10, 10],
			"rotation": {"angle": 0, "axis": "y", "origin": [8, 7.5, 8]},
			"faces": {
				"north": {"uv": [0, 10.25, 1, 11], "texture": "#3"},
				"east": {"uv": [1, 10.25, 2, 11], "texture": "#3"},
				"south": {"uv": [2, 10.25, 3, 11], "texture": "#3"},
				"west": {"uv": [3, 10.25, 4, 11], "texture": "#3"},
				"up": {"uv": [9, 10.5, 8, 9.5], "texture": "#3"},
				"down": {"uv": [10, 9.5, 9, 10.5], "texture": "#3"}
			}
		},
		{
			"from": [6, 7, 1],
			"to": [10, 10, 5],
			"rotation": {"angle": 0, "axis": "y", "origin": [8, 7.5, 8]},
			"faces": {
				"north": {"uv": [4, 10.25, 5, 11], "texture": "#3"},
				"east": {"uv": [5, 10.25, 6, 11], "texture": "#3"},
				"south": {"uv": [10.5, 0, 11.5, 0.75], "texture": "#3"},
				"west": {"uv": [10.5, 0.75, 11.5, 1.5], "texture": "#3"},
				"up": {"uv": [7, 10.75, 6, 9.75], "texture": "#3"},
				"down": {"uv": [11, 3.5, 10, 4.5], "texture": "#3"}
			}
		},
		{
			"from": [6, 7, 11],
			"to": [10, 10, 15],
			"rotation": {"angle": 0, "axis": "y", "origin": [8, 7.5, 8]},
			"faces": {
				"north": {"uv": [10.5, 1.5, 11.5, 2.25], "texture": "#3"},
				"east": {"uv": [10.5, 2.25, 11.5, 3], "texture": "#3"},
				"south": {"uv": [7, 10.5, 8, 11.25], "texture": "#3"},
				"west": {"uv": [8, 10.5, 9, 11.25], "texture": "#3"},
				"up": {"uv": [11, 5.5, 10, 4.5], "texture": "#3"},
				"down": {"uv": [11, 5.5, 10, 6.5], "texture": "#3"}
			}
		},
		{
			"from": [1, 10, 1],
			"to": [15, 11, 15],
			"rotation": {"angle": 0, "axis": "y", "origin": [8, 1, 8]},
			"faces": {
				"north": {"uv": [10, 6.5, 13.5, 6.75], "texture": "#3"},
				"east": {"uv": [10, 6.75, 13.5, 7], "texture": "#3"},
				"south": {"uv": [10, 7, 13.5, 7.25], "texture": "#3"},
				"west": {"uv": [10, 7.25, 13.5, 7.5], "texture": "#3"},
				"up": {"uv": [7, 3.5, 3.5, 0], "texture": "#3"},
				"down": {"uv": [7, 3.5, 3.5, 7], "texture": "#3"}
			}
		},
		{
			"from": [0, 3.75, 4],
			"to": [2, 11.75, 12],
			"rotation": {"angle": 0, "axis": "y", "origin": [8, 8, 8]},
			"faces": {
				"north": {"uv": [6.5, 10.75, 6.75, 12.25], "texture": "#3"},
				"east": {"uv": [7, 8, 8.5, 9.5], "texture": "#3"},
				"south": {"uv": [6.25, 10.75, 6.5, 12.25], "texture": "#3"},
				"west": {"uv": [8.5, 8, 10, 9.5], "texture": "#3"},
				"up": {"uv": [7.25, 12.75, 7, 11.25], "texture": "#3"},
				"down": {"uv": [7.5, 11.25, 7.25, 12.75], "texture": "#3"}
			}
		},
		{
			"from": [4, 3.75, 0],
			"to": [12, 11.75, 2],
			"rotation": {"angle": 0, "axis": "y", "origin": [8, 8, 8]},
			"faces": {
				"north": {"uv": [7, 8, 8.5, 9.5], "texture": "#3"},
				"east": {"uv": [9.25, 10.5, 9.5, 12], "texture": "#3"},
				"south": {"uv": [7, 8, 8.5, 9.5], "texture": "#3"},
				"west": {"uv": [10.5, 10.5, 10.25, 12], "texture": "#3"},
				"up": {"uv": [12.5, 3.75, 11, 3.5], "texture": "#3"},
				"down": {"uv": [12.5, 3.75, 11, 4], "texture": "#3"}
			}
		},
		{
			"from": [4, 3.75, 14],
			"to": [12, 11.75, 16],
			"rotation": {"angle": 0, "axis": "y", "origin": [8, 8, 8]},
			"faces": {
				"north": {"uv": [8.5, 8, 10, 9.5], "texture": "#3"},
				"east": {"uv": [6.25, 10.75, 6.5, 12.25], "texture": "#3"},
				"south": {"uv": [7, 8, 8.5, 9.5], "texture": "#3"},
				"west": {"uv": [6.5, 10.75, 6.75, 12.25], "texture": "#3"},
				"up": {"uv": [12, 3.25, 10.5, 3], "texture": "#3"},
				"down": {"uv": [12, 3.25, 10.5, 3.5], "texture": "#3"}
			}
		},
		{
			"from": [14, 3.75, 4],
			"to": [16, 11.75, 12],
			"rotation": {"angle": 0, "axis": "y", "origin": [8, 8, 8]},
			"faces": {
				"north": {"uv": [6.25, 10.75, 6.5, 12.25], "texture": "#3"},
				"east": {"uv": [8.5, 8, 10, 9.5], "texture": "#3"},
				"south": {"uv": [6.75, 10.75, 7, 12.25], "texture": "#3"},
				"west": {"uv": [7, 8, 8.5, 9.5], "texture": "#3"},
				"up": {"uv": [6.75, 12.25, 6.5, 10.75], "texture": "#3"},
				"down": {"uv": [6.25, 10.75, 6, 12.25], "texture": "#3"}
			}
		}
	],
	"display": {
		"thirdperson_righthand": {
			"rotation": [75, 45, 0],
			"translation": [0, 2.5, 0],
			"scale": [0.375, 0.375, 0.375]
		},
		"thirdperson_lefthand": {
			"rotation": [75, 45, 0],
			"translation": [0, 2.5, 0],
			"scale": [0.375, 0.375, 0.375]
		},
		"firstperson_righthand": {
			"rotation": [0, 45, 0],
			"scale": [0.4, 0.4, 0.4]
		},
		"firstperson_lefthand": {
			"rotation": [0, 225, 0],
			"scale": [0.4, 0.4, 0.4]
		},
		"ground": {
			"translation": [0, 3, 0],
			"scale": [0.25, 0.25, 0.25]
		},
		"gui": {
			"rotation": [30, 225, 0],
			"scale": [0.625, 0.625, 0.625]
		},
		"fixed": {
			"scale": [0.5, 0.5, 0.5]
		}
	},
	"groups": [
		{
			"name": "topsink",
			"origin": [8, 1, 8],
			"color": 0,
			"children": [0, 1, 2, 3, 4, 5, 6, 7]
		},
		{
			"name": "base",
			"origin": [8, 8, 8],
			"color": 0,
			"children": [8, 9, 10, 11, 12, 13, 14, 15, 16, 17, 18]
		}
	]
}