{
	"credit": "Made with Blockbench",
	"texture_size": [32, 32],
	"textures": {
		"0": "create_new_age:block/reactor/casing",
		"2": "create_new_age:block/reactor/rod_on",
		"particle": "create_new_age:block/reactor/rod_on"
	},
	"elements": [
		{
			"from": [4.5, 15, 4.5],
			"to": [11.5, 16, 11.5],
			"rotation": {"angle": 0, "axis": "y", "origin": [8, 8, 8]},
			"faces": {
				"north": {"uv": [0, 0, 16, 2], "rotation": 180, "texture": "#0"},
				"east": {"uv": [0, 0, 16, 2], "rotation": 180, "texture": "#0"},
				"south": {"uv": [0, 0, 16, 2], "rotation": 180, "texture": "#0"},
				"west": {"uv": [0, 0, 16, 2], "rotation": 180, "texture": "#0"},
				"up": {"uv": [3, 0, 0, 3], "texture": "#0"},
				"down": {"uv": [3, 3, 0, 0], "texture": "#0"}
			}
		},
		{
			"from": [5, 1, 5],
			"to": [11, 15, 11],
			"rotation": {"angle": 0, "axis": "y", "origin": [8, 8, 8]},
			"faces": {
				"north": {"uv": [6, 0, 9, 8], "rotation": 180, "texture": "#2"},
				"east": {"uv": [3, 0, 6, 8], "rotation": 180, "texture": "#2"},
				"south": {"uv": [0, 0, 3, 8], "rotation": 180, "texture": "#2"},
				"west": {"uv": [0, 8, 3, 16], "rotation": 180, "texture": "#2"},
				"up": {"uv": [9, 8, 6, 11], "texture": "#2"},
				"down": {"uv": [6, 11, 3, 8], "texture": "#2"}
			}
		},
		{
			"from": [4.5, 0, 4.5],
			"to": [11.5, 1, 11.5],
			"rotation": {"angle": 0, "axis": "y", "origin": [8, 8, 8]},
			"faces": {
				"north": {"uv": [0, 0, 16, 2], "texture": "#0"},
				"east": {"uv": [0, 0, 16, 2], "texture": "#0"},
				"south": {"uv": [0, 0, 16, 2], "texture": "#0"},
				"west": {"uv": [0, 0, 16, 2], "texture": "#0"},
				"up": {"uv": [3, 3, 0, 0], "texture": "#0"},
				"down": {"uv": [3, 0, 0, 3], "texture": "#0"}
			}
		}
	]
}